,0,1,2,3,4,5
0,0.15931946,0.07726688,0.075676195,2.2624545,1.5565438,0.08374775
1,0.05300812,0.5115257,0.049287707,0.043664217,0.05190197,0.02911252
2,0.06559798,0.052217983,1.6194998,0.07103114,0.049586263,0.06612127
3,0.08014105,0.058030706,0.2206226,0.61889195,0.07333038,0.11117512
4,0.04446649,0.037095163,0.42253485,0.037116956,0.07728454,0.04310112
5,0.06305201,0.60833365,0.098980226,1.3831469,1.1699624,0.05852609
6,0.19712147,0.06525852,0.17260797,0.10249464,0.7789537,0.40906736
7,0.045909334,0.030576631,0.3344352,0.03117863,0.039037857,0.043992426
8,0.028870285,0.02612883,0.09344168,0.030473948,0.030614136,0.08341152
9,0.098911725,0.15384154,0.04089836,0.055960752,0.04596237,0.07039814
10,0.09671105,0.06157821,0.05501961,0.064569816,0.6015948,0.08770165
11,0.060156822,0.04784565,0.06874098,0.052738864,0.04599092,1.2637843
12,0.0577032,0.8458245,0.043376762,0.19855906,0.08126492,0.094130926
13,0.11618339,0.12668914,7.0474844,0.13917375,0.7492742,0.23553598
14,1.3990271,0.06690243,0.12330805,0.07869615,0.16481003,0.10347447
15,0.038282625,0.033301193,0.13860928,0.06652775,0.042820856,0.06454074
16,0.03431178,0.03197834,0.049430303,0.03638584,0.11023614,0.1576281
17,0.03943117,0.3657467,0.036985427,0.032910757,0.023054063,0.038869124
18,0.044414688,0.6900874,0.04254832,0.13904513,0.042744868,0.035077512
19,0.0902479,0.17172666,0.070963524,0.1301178,0.08777642,0.08150325
20,14.057877,1.1201097,0.20733695,0.23554863,0.7507233,0.13180105
21,0.71967465,0.14944118,1.4367687,0.084271275,0.077893674,0.08940704
22,0.22718479,5.3531685,0.13589144,1.123068,0.5806698,0.23475397
23,0.59284025,0.06553631,0.14708707,0.30796537,0.40333498,0.07829706
24,0.06470993,0.29967493,0.03607725,0.09796176,0.06917882,0.043097846
25,0.073391736,0.39717168,0.29103574,0.28464615,0.0613517,0.045736704
26,0.09319288,0.076987095,0.12144477,0.3118883,0.5753127,0.23615472
27,0.029612282,0.045550257,0.03859482,0.050807074,0.046057127,0.1825099
28,0.06212303,0.0489039,0.36468127,0.03682851,0.05300577,0.045684226
29,0.119816735,0.066575915,0.3691622,0.09077451,0.10366661,2.060797
30,0.048173096,0.19226415,0.058572218,0.04926753,0.04568031,0.17500988
31,0.03148669,0.10224475,0.095879,0.037591405,0.09556633,0.05450201
32,0.05148653,1.0330337,0.056155723,0.07924906,0.056740418,0.040563
33,0.07724804,0.52968717,0.045181084,0.046903376,0.05647916,0.0717561
34,0.07568261,0.39853388,0.23459312,0.07417836,0.11043235,0.19692248
35,0.12636532,0.097175844,1.4066097,0.07190534,0.2864778,0.67132336
36,0.20241934,0.081795365,0.1780902,0.06682932,0.11566197,1.0121007
37,0.05032658,0.046272554,1.1803684,0.04708862,0.030059613,0.05719249
38,0.55402887,2.580982,0.46236068,0.11505277,0.28748244,0.40465608
39,0.06353067,0.039773162,0.92404455,0.07798751,0.27186462,0.054978035
40,0.09609553,0.6230023,0.06558541,0.06825205,0.19068971,0.0660106
41,0.42648104,0.04966527,0.096902594,0.50884074,0.11977907,0.2505356
42,2.0511537,0.049210038,0.04408079,0.057320047,0.17183277,0.0645584
43,0.07338319,0.35987657,0.10461007,0.04807477,0.11700364,0.46411818
44,0.72813904,0.07023418,0.28620863,0.059141856,0.056379013,0.054404825
45,0.052902445,0.032123487,0.054649323,0.062844634,0.09241363,0.13609932
46,0.038150664,0.03571238,0.028859802,0.023264665,0.042823233,0.03796609
47,0.7500088,0.051871873,0.074215196,0.59180933,0.041827418,0.049309827
48,1.0020728,0.0476326,1.1798798,0.05450996,0.09452732,0.10301801
49,0.057434555,0.056963257,0.26608416,0.06213796,0.4344458,0.06989821
50,0.039567333,0.08112434,0.057311375,0.068484776,0.050421257,0.33377606
51,0.059370484,0.2154874,0.05475898,0.0526714,0.24490769,0.044168424
52,3.0340173,0.68190277,0.08183134,0.054549392,0.063293815,0.10031597
53,0.16147888,0.6945914,2.0085063,0.11682419,0.5112297,0.43215257
54,0.08790783,0.80320776,0.17511158,0.063036904,0.048475243,0.06637126
55,0.05225343,0.54646134,0.05079581,0.031588476,0.04374073,0.032458402
56,2.2906117,0.37906957,1.0153266,0.9716434,4.0417295,0.48302326
57,0.051176965,0.046723068,0.04269351,0.76058614,0.03612056,0.04866357
58,0.03265753,0.27770868,0.042252157,0.07097703,0.049648006,0.047635496
59,0.2470781,0.057705358,0.049095385,0.10465492,0.0702675,0.2759867
60,0.11351434,0.540762,0.09113989,0.44248685,0.26564044,0.0662298
61,0.09603244,0.07586132,2.5771027,0.081838265,1.1190116,0.08225083
62,0.055011943,0.39230952,0.04145876,0.037437033,0.040574785,0.051519446
63,0.06763949,0.24383584,0.04422225,0.07646863,0.06658914,0.040709086
64,0.060712185,0.75428605,0.07251651,0.06879168,0.060548823,0.05382396
65,0.8675449,0.16518922,0.1692968,0.83524704,0.10472983,0.12136073
66,0.02925414,0.06562608,0.029458584,0.023316633,0.02473573,0.13246866
67,0.12306909,0.5804091,0.13086644,0.10825698,0.1151905,0.061902422
68,0.0599586,0.044773657,0.054591108,0.07168485,0.085933946,1.3077376
69,2.2516572,0.07944638,0.57213473,0.10034446,0.08543533,1.1544691
70,0.030495731,0.030708702,0.030985605,0.04066036,0.21853748,0.03294947
71,0.09010213,0.04679613,0.04894115,0.048717946,0.052630182,0.6636239
72,0.047446333,0.060207758,0.051494952,0.5242758,0.113222994,0.081026234
73,0.09857482,0.43152833,0.048845924,0.077260286,0.43938142,0.072052054
74,0.22218704,0.13385332,0.114127405,1.2471275,0.17935824,4.5434656
75,0.05448308,0.03667287,0.07941342,0.06681907,0.18214913,0.66274333
76,0.04906589,0.08897523,0.059668172,0.034755025,0.195484,0.05351362
77,0.116511025,0.14808615,2.609552,0.28004786,0.6019619,0.10217605
78,0.05638437,0.7630693,0.044944048,0.048785225,0.04308996,0.038449325
79,0.10181878,0.06509587,0.09960291,0.09705856,0.5932647,0.18421927
80,0.10428264,0.6883075,0.052841943,0.054807354,0.05308023,0.06622438
81,0.9751089,0.05671995,0.06475268,0.060302377,0.120602384,0.06791801
82,0.23396756,0.04997212,0.044131804,0.04632601,0.039739266,0.062394068
83,0.3059243,0.0890101,0.14043391,2.2006583,0.13082774,0.044007655
84,0.045502424,0.040822756,0.02782767,0.18150693,0.037875645,0.047615275
85,0.35055482,0.058634743,0.26515743,0.5964784,0.50965965,0.11412582
86,0.06205394,0.30650547,0.045790724,0.04282021,0.03753058,0.8586141
87,0.05955777,0.047379445,0.05682537,0.0515367,0.08686885,1.2398447
88,0.12266911,0.056373935,0.07728902,0.08930457,1.3580306,0.08306905
89,0.055289127,0.7792347,0.040359356,0.054109707,0.042898074,0.06459075
90,0.6890598,0.2121828,6.4875307,0.3674535,0.714287,0.14898218
91,0.0425653,0.030913882,0.029412018,0.03534749,0.025413392,0.11117409
92,0.262293,0.48154214,0.1752067,0.1848904,0.4209831,0.06702561
93,0.073260486,0.10554631,0.04842034,0.1578806,0.03678036,0.12577786
94,0.024458328,0.1566757,0.03346215,0.023805752,0.033429474,0.10382574
95,0.049201947,0.04991731,0.19051532,0.07409483,0.53259426,0.06883993
96,0.037300773,0.2503137,0.03687282,0.029497283,0.04744619,0.03889423
97,0.07820226,0.11548067,0.058681972,0.05023027,0.048368752,0.36144486
98,0.07777725,0.036576085,0.06744214,0.05268981,0.059946563,0.07075115
99,0.047122646,0.10449851,0.12606418,0.04915687,0.037873898,1.3996525
100,0.13393894,0.10674651,1.949563,0.09197343,0.109720126,0.90170515
101,0.051711347,0.04006961,0.088220924,0.09199658,0.043906856,0.054539002
102,0.061283283,0.041519135,0.060367163,0.11341519,0.06317728,0.71327823
103,0.0629745,0.05199837,0.059452053,0.07925169,0.042661496,0.03914777
104,0.1021218,0.049987663,0.9202526,0.056326948,0.35585815,0.07670026
105,0.06592436,0.049621474,0.972633,0.08140681,0.06779639,0.1027538
106,0.2642976,0.31544936,0.08803131,0.6428536,0.48791873,0.09227679
107,0.08570855,0.47537568,0.041712236,0.0961263,0.060002044,0.060130678
108,0.09327211,0.29714277,0.08404653,0.038609125,0.032588612,0.039275646
109,0.042592153,0.4479287,0.05819821,0.26568285,0.116486646,0.03572447
110,2.319887,0.112355754,0.86467683,1.4386277,1.8108624,0.24742295
111,0.040427923,0.04619216,0.4866182,0.042691994,0.04700586,0.057665646
112,0.27042726,0.26044995,0.07395105,0.05779315,0.074937895,0.05428303
113,0.05171904,0.038575243,0.0462233,0.025117218,0.049627848,0.45622557
114,0.04023813,0.03242948,0.049326997,0.15203647,0.038623452,0.027979601
115,0.041683625,0.05498183,0.06692165,0.05050446,0.0590678,0.044442877
116,0.07704541,0.7963133,0.05540705,0.102815434,0.08723541,0.05604994
117,0.25670785,0.43644592,0.08292473,0.06413182,0.3049498,0.08412374
118,0.25424123,0.37820545,0.13585311,1.483141,0.36083564,0.092355326
119,0.05224533,0.03803155,0.04577036,0.049839422,0.037552614,0.6010293
120,0.100519456,0.05792807,0.070397064,0.05729503,0.058320485,0.58119684
121,0.04414439,0.31721124,0.05259952,0.05152955,0.047523703,0.03814131
122,0.08298231,0.032751556,0.03846377,0.20212346,0.028547361,0.027710846
123,4.051534,0.15875778,0.20555377,0.18601964,4.020891,0.14439109
124,0.117955364,0.06020777,0.041065555,0.23053457,0.042031314,0.046934314
125,0.102637194,0.18313493,0.094169974,2.9788842,2.0152302,0.6047434
126,0.0899964,1.3303835,0.09737338,0.04754259,0.056370582,0.076236814
127,0.06341571,0.8328643,0.14739394,0.2406284,0.27730227,0.060015578
128,0.04285101,0.31961286,0.034527384,0.034751315,0.037725925,0.024346361
129,0.059535265,0.07545956,0.07816286,0.0702378,1.3288244,0.060712747
130,0.07611373,0.08476487,0.10102955,2.3138742,0.076226614,0.075281255
131,0.10126928,0.047697388,0.33042023,0.1355994,0.039758135,0.057457287
132,1.670515,0.071839154,0.097980805,0.08143178,0.06176797,0.06937098
133,0.33532915,0.022769067,0.03558884,0.043035273,0.039901946,0.044090305
134,0.03696904,0.043453194,0.16750377,0.042951368,0.05906221,0.03406911
135,1.265417,9.328291,0.21686512,0.13466184,1.3131007,2.2729437
136,0.053559046,0.049254056,0.045273524,0.05733834,0.037550304,0.67293906
137,0.31192768,0.043116987,0.26488224,0.2352444,0.06322056,0.044289403
138,0.27529186,0.13390765,0.27648938,0.31905913,2.3814142,3.495769
139,0.081249304,0.86910355,0.05685667,0.04094014,0.057580344,0.049850825
140,0.035595585,0.032228313,0.58465284,0.041984834,0.0517005,0.04978307
141,0.06952661,0.04183476,0.23636249,0.27880105,0.049355574,0.04363362
142,0.109345175,0.033833418,0.052224834,0.05423109,0.22176798,0.079219565
143,0.59628993,0.055620752,1.5182369,0.05683845,0.08417794,0.05120605
144,0.20692715,2.2912853,0.118572436,2.7986803,0.27366522,0.17150937
145,1.0154094,0.11190483,5.1812496,0.14922896,0.5204034,0.14508602
146,0.062476967,0.28571263,0.05503063,0.14917685,0.105352566,0.063309714
147,0.06431597,0.032215964,0.036344994,0.039617892,0.055221844,0.26905128
148,0.25322357,0.06533548,0.061786275,0.07680034,0.042622216,1.3303037
149,0.06273421,0.8447395,0.060880348,0.05771702,0.038042396,0.053388808
150,0.08094825,0.06518196,0.055666756,0.35379758,0.348303,0.05639025
151,0.2142956,0.03909427,0.052515164,0.41210496,0.050129827,0.044472586
152,0.17199071,0.0422792,0.03055087,0.029596103,0.022476107,0.026711624
153,0.061798494,0.1059769,0.076363675,0.7452828,0.061543565,0.121499665
154,0.08553258,0.077404775,0.067805,2.0230303,0.15720889,0.052056476
155,0.033010397,0.04710146,0.16146298,0.033782683,0.053696733,0.038212992
156,0.033144016,0.053599004,0.044765238,0.06891888,0.035781875,0.45211747
157,0.07389561,0.036998454,0.081426226,0.059130214,0.2097987,0.66274756
158,0.0718209,0.05826554,0.08648211,0.15012832,0.053333323,0.12136773
159,0.68197954,0.09554883,3.7729478,1.4597127,0.5306078,0.3081041
160,0.061424565,0.046766065,0.060435005,0.07771027,0.07446908,0.35267535
161,0.03699058,0.036481436,0.048179712,0.065199345,0.43535995,0.039248485
162,0.35534042,0.08164994,0.04756212,0.16530912,1.3675985,0.06711793
163,0.4118333,0.38381013,0.15274183,0.08134611,0.13219868,0.07537978
164,0.06443592,0.032072436,0.06640923,0.21301496,0.050904773,0.04835811
165,0.27781874,0.04014592,0.04123527,0.100315206,0.051411577,0.03514292
166,0.0692969,0.7757929,0.083434306,0.14840086,0.19613874,0.068959504
167,0.10506901,0.039665084,0.072161324,0.05151611,0.061241314,0.041129522
168,0.22476465,1.123288,0.08641447,0.07154552,0.07537033,0.116740696
169,0.04128591,0.29344335,0.039751638,0.04122435,0.03746898,0.037832327
170,0.18496856,0.05556685,0.033270784,0.07354226,1.597561,0.07768881
171,2.7970688,0.08755367,0.066181526,0.07560541,0.09305651,0.08777333
172,0.29926395,0.1583391,0.11824837,5.8945737,0.10157497,0.09768972
173,0.28433427,0.07696864,1.6463145,0.08977682,0.32932916,0.10492962
174,0.085060954,0.04937175,0.065795116,0.102807194,0.90135264,0.056152813
175,0.06485486,1.2780799,0.06084078,0.0607085,0.05401784,0.05523723
176,0.059673794,0.040957663,0.7820347,0.051725857,0.066526294,0.033034768
177,0.056893203,0.080283254,0.12683971,0.071243756,0.20347896,0.04532929
178,0.04291563,0.26739255,0.048256677,0.09048402,0.034750506,0.04004885
179,0.040152352,0.39462972,0.05106172,0.023972563,0.032029513,0.031868972
180,0.04751223,0.24046625,0.030490253,0.027592374,0.033143904,0.037068076
181,0.11421159,0.06677553,0.053731862,0.058208764,0.044314157,0.07860427
182,0.067270234,0.07323582,0.069136426,0.04281074,0.048352268,2.4651053
183,0.69447476,0.40829912,0.046614133,0.15602238,0.0563865,0.055647943
184,0.04507316,0.038666975,0.07039935,0.055116143,0.11257899,0.05009982
185,0.055060506,1.9455855,0.054302532,0.05253229,0.05776603,0.037664033
186,0.046307433,0.045902543,0.09505922,0.040802445,0.06021706,0.038533736
187,0.05220571,0.040984113,0.042093076,0.033641636,0.25856537,0.034206424
188,0.0586181,0.0526585,0.03660487,0.046600148,0.42154717,0.04476084
189,0.04151346,0.40713868,0.04936859,0.056282315,0.047232926,0.056027215
190,0.1490761,2.5182722,0.14155582,0.094147556,2.3670375,0.30998302
191,0.04107922,0.2600569,0.024568915,0.053013977,0.020593708,0.036064554
192,0.083138786,0.037466545,0.023287626,0.02863799,0.029292064,0.027626855
193,0.12477423,7.4983206,0.18184248,0.7852081,0.24458027,0.14849694
194,2.613232,2.0811975,2.500284,0.15709288,0.27975768,0.39246956
195,0.11272037,0.22783569,0.096960664,0.38669127,3.6450508,0.11647588
196,0.18401603,5.417524,0.09618674,1.0125505,0.66454774,0.16180086
197,0.11320765,0.087425776,0.08694814,0.09369775,0.09886393,2.3802462
198,0.044228278,0.06287148,0.12969752,0.17770655,0.039436676,0.038155075
199,0.044903923,0.38363397,0.042878527,0.038373444,0.0505971,0.038404156
200,0.02676878,0.23144017,0.028646054,0.034576636,0.035964157,0.042212363
201,0.08275078,0.11694569,0.15634741,0.10190502,0.08880143,3.571103
202,0.6620655,0.08303305,0.0654156,0.67138356,0.1028905,0.08265068
203,0.07971512,0.032612387,0.05880891,0.025413493,0.03020825,0.04679851
204,2.2994542,1.2317678,0.80842805,0.22182739,0.8897938,0.8898971
205,0.065956004,0.12549987,0.64005727,0.041625697,0.07866988,0.07088568
206,0.0621593,0.0639055,0.5793653,0.07038948,0.15864451,0.04737821
207,0.05424485,0.63057756,0.040408105,0.17825338,0.037047014,0.063833624
208,0.06479066,0.059983563,0.4101124,1.7431101,0.11957863,0.19055028
209,0.06902442,0.050156653,0.1987262,0.8426697,0.069150835,0.06447749
210,0.030318629,0.041242518,0.030853534,0.16530319,0.030464131,0.024809789
211,0.67663836,0.29331657,0.040119473,0.2726071,0.05911574,0.05748187
212,3.090261,0.07589737,0.054861035,0.39280018,0.095103405,0.0814724
213,1.7718601,0.064956695,0.07934409,0.65642184,0.04691481,0.10846601
214,0.65778834,0.56555104,0.07477503,0.32819894,0.08843017,0.064229146
215,0.080968075,1.8184853,0.08594087,0.60019225,0.084415086,0.10532118
216,0.03924889,0.0532317,0.410757,0.07556064,0.04442264,0.03578117
217,0.38899094,1.0347965,0.12243511,0.08010215,0.38807678,0.3356123
218,0.16579324,0.3915361,0.07839319,0.0859979,0.20636499,0.88259554
219,0.048330385,0.03867398,0.04216402,0.061150756,0.065169685,0.42466438
220,0.0837078,0.07407159,0.13295658,0.085310094,0.6616856,0.20682086
221,0.060867887,0.048434943,0.04607989,0.5379639,0.039776146,0.046467062
222,0.06905878,0.058696873,0.07273396,0.13159232,0.17998222,0.07528787
223,0.05885105,0.315847,0.063824214,0.2227931,0.22160947,0.20542002
224,0.33235762,0.0378597,0.058281716,0.03766197,0.051001746,0.06854623
225,0.04765873,0.08039897,0.03692391,0.045715287,0.045477297,0.16842678
226,0.04471666,0.057541102,0.05502512,0.1975545,0.045972273,0.05101026
227,0.09388152,0.10807804,0.07133072,0.113957234,0.16017483,1.5176595
228,0.037078653,0.31017354,0.025943886,0.037299976,0.02982251,0.032864135
229,0.30329487,0.87897843,0.08128695,0.110543735,0.121191636,0.0575056
230,0.12515938,2.0194137,0.1083237,0.13468905,0.41885084,0.07883781
231,0.035297934,0.17091608,0.05037893,0.084156975,0.030497802,0.041193545
232,0.10242168,0.15521064,0.1711562,0.039593745,0.05160515,0.040661152
233,0.057161182,0.25380632,0.053645357,0.04645013,0.03452354,0.07558838
234,0.034947157,0.037207972,0.17538436,0.040917084,0.036093235,0.060453698
235,0.070964776,0.816744,0.061387803,0.079607494,0.06255846,0.04744624
236,0.51003265,0.06833264,0.11918713,0.052555583,0.063891545,0.04900425
237,0.08188008,0.81069857,0.09495746,0.06611122,0.22966653,0.11404727
238,0.7669862,0.069839954,0.0918652,0.056470644,0.07265119,0.041532695
239,0.07207833,0.2402885,0.07906397,0.15436363,0.046967957,0.14423653
240,0.07656827,0.04495213,1.9431036,0.053327084,0.05556462,0.10914216
241,0.11713625,5.7357616,0.3084508,1.443182,0.6548783,0.5434578
242,0.115925156,0.040210076,0.044804893,0.052852266,0.04606643,0.028526254
243,0.040090475,0.24460389,0.03302561,0.03155853,0.044616234,0.049770374
244,0.5371076,0.06752318,0.07596338,0.045386024,0.05809276,0.06690681
245,0.049614217,0.42152724,0.063924074,0.043466464,0.048700135,0.05653034
246,0.04442374,0.025503943,0.10041279,0.032048065,0.1367402,0.030639676
247,0.082373455,0.058680087,0.052601043,0.0364033,0.08846818,1.1390111
248,0.08079432,0.046639655,0.06957901,0.04007825,0.3380773,0.07776155
249,0.37680405,0.06618001,0.6317478,0.08033508,0.28762257,0.08454568
250,0.28570792,0.0428055,0.07102519,0.061489005,0.79920185,0.068500325
251,0.085696496,1.0315493,0.08067655,1.6652783,0.13806964,0.08536594
252,0.06866135,0.052966658,0.028700462,0.026683731,0.04209997,0.79178363
253,0.033769164,0.029153086,0.20837449,0.035274435,0.02934168,0.051616438
254,0.05620374,0.03543416,0.54401886,0.048059937,0.0667023,0.05648868
255,0.04271927,0.24504459,0.046209235,0.029391626,0.04065466,0.033441406
256,0.049551573,0.22576831,0.09828347,0.48369864,0.047742426,0.06793766
257,0.5812701,0.0713405,0.06596256,0.7056703,0.04420033,0.12600146
258,0.06308499,0.5886722,0.264695,0.0812826,0.100433,0.048494957
259,0.10002292,0.049123824,0.09419848,0.060164288,0.09546057,0.43597448
260,0.044950414,0.21691987,0.06141046,0.06269899,0.056421656,0.05302096
261,0.05485266,0.34923235,0.04040959,0.10284788,0.08645282,0.048524924
262,0.06805732,0.04904526,0.07156018,1.1952715,0.06703117,0.07617433
263,0.0359517,0.3458564,0.047357287,0.034849834,0.028585762,0.041396018
264,0.058367584,0.06013433,0.037583683,0.23218323,0.04275859,0.03303802
265,0.055466708,0.030966416,0.035752397,0.036894258,0.028384969,0.04015963
266,0.060268886,0.04068749,0.047025584,0.05142191,0.056104504,0.3181444
267,0.16525191,0.15140045,0.13664152,3.1797435,0.07790556,0.10874953
268,0.061408456,0.039417073,0.031766295,0.6580112,0.04514188,0.03553337
269,0.29407233,0.06457932,0.06530027,0.26955485,0.03702352,0.052942052
270,0.06312576,0.1302142,0.27923447,0.039919198,0.25901288,0.11655302
271,0.23715912,0.36242515,1.4187231,1.4304848,12.409445,1.1211841
272,0.17925197,0.6790772,0.07800871,0.36573556,0.20753373,0.078681454
273,0.05169135,0.11705,0.058278568,0.038502615,0.5003663,0.034977738
274,0.06497349,0.12544729,0.09208644,0.050373517,0.09030501,1.1476324
275,0.076477945,0.57245094,0.09784848,0.0773045,0.10239702,0.33224764
276,0.08165844,0.074615486,0.071902014,0.054598156,0.57663304,2.9227197
277,0.14436468,0.07507715,1.4465334,0.1704877,2.873712,0.14030461
278,0.15619056,0.89823717,2.3267765,0.17351395,0.09411003,0.5304843
279,0.26488715,0.48277378,0.074585125,0.11693331,0.14657329,0.06465138
280,0.04788542,0.05050225,0.026990667,0.04192666,0.22526108,0.038684443
281,0.113771096,0.07415309,0.069358826,4.0981555,0.08413419,0.09796755
282,0.10403991,0.06585319,0.08016676,4.293602,0.15688762,0.15912251
283,0.068369396,0.56525904,0.045457043,0.034784444,0.2681651,0.045934197
284,0.41438022,0.1715737,0.05142386,0.04223692,0.049410142,0.028990958
285,0.18572508,0.12901781,0.35594976,1.8783369,1.9444258,0.10127906
286,0.058396444,0.071898356,1.4641536,0.102704436,0.11077558,0.082176484
287,0.06341392,0.035493847,0.04282566,0.03127349,0.07709401,0.089793086
288,0.081052795,0.065246604,0.09652298,0.11739528,3.3643887,1.3079233
289,0.15399402,0.053947523,0.05193832,0.037268262,0.09876051,0.041451406
290,0.0438008,0.034466553,0.029232578,0.034144193,0.03774983,0.051111843
291,0.040468633,0.040376842,0.15450351,0.03993573,0.03364824,0.030919187
292,1.1651845,0.90914506,0.2514023,6.688689,1.055815,0.23136407
293,0.6750074,0.088320404,0.05892084,0.06669115,0.7035148,0.06803267
294,0.11500884,0.14821829,0.1386457,0.1402569,0.17341347,10.27229
295,0.093253545,0.1259504,0.07597688,0.051826473,0.058477696,0.33111167
296,0.047529675,0.04629999,0.03530179,0.050823443,0.39734054,0.03973731
297,0.041045606,0.15946774,0.04895008,0.047365688,0.05353237,0.043763433
298,0.038442705,0.037191752,0.2829944,0.036250204,0.056123488,0.033552207
299,0.026539955,0.03788502,0.2745188,0.025529722,0.043719396,0.1119483
300,0.2815041,1.1516912,0.20832045,4.622087,0.41395235,0.18746072
301,0.7935952,0.037513632,0.042299874,0.06879859,0.04229901,0.06191919
302,0.043183856,0.42770353,0.02902263,0.03701601,0.04465044,0.05547529
303,0.5232776,0.06644663,0.13445191,0.06351772,0.11350714,0.06687014
304,0.40799886,0.086211845,2.806094,0.08717847,0.10893778,0.06288986
305,2.2824247,0.46255827,0.12876227,6.099206,0.9455887,0.11578574
306,0.94815725,0.1231851,0.2226902,0.17738853,0.8249353,0.21689737
307,0.050394017,0.03494073,0.039262895,0.1953823,0.05049219,0.031809397
308,0.10710547,0.051687278,0.062826954,0.1897765,0.32475433,0.79018503
309,0.076259345,0.09238055,0.0605584,0.38467118,1.0832794,0.08040712
310,0.054649755,1.3594112,0.09159241,0.52710354,0.27065307,0.13352126
311,0.13444537,0.05433532,0.078078374,0.40366402,0.71245044,0.06917796
312,0.10387837,0.05324306,0.052559666,0.14711654,0.21453659,0.089003004
313,0.1583088,0.13488606,0.16581857,1.3406065,0.29700363,0.15192446
314,0.7483575,0.04907077,0.062716536,0.64849085,0.060761333,0.06972125
315,0.047209866,0.17717986,0.059653293,0.05162656,0.28663757,0.06475637
316,0.073867634,0.08648369,0.17414863,0.115206346,0.94470036,0.1105623
317,0.049295142,0.17422557,0.065136544,0.80784184,0.055963118,0.05631568
318,0.042969245,0.027781595,0.042721275,0.04136409,0.03492448,0.3574896
319,0.1390635,0.061169636,0.122127086,0.049413316,0.25959918,0.066762544
320,0.0691854,0.6334644,0.058291234,0.072067566,0.057438213,0.10640114
321,0.4988592,0.15296595,0.10053365,0.093677506,0.0880524,0.22719386
322,0.09430687,0.19883353,0.3132148,0.06533577,1.1367357,0.10620441
323,0.68274945,4.0876274,0.21277158,3.0154104,0.54313976,9.560219
324,0.04886989,0.07935608,0.04980024,0.13794802,0.056814253,0.24015102
325,0.06532433,0.39587182,0.048247684,0.23643485,0.073513344,0.054968692
326,0.2177195,1.4070215,0.05444717,0.23974748,0.04908572,0.060254354
327,0.33862534,0.08060975,0.4651235,0.06861004,0.060579907,0.06565735
328,0.12436566,0.05744706,0.048232403,0.04575331,0.45076552,0.24456397
329,0.46362203,0.27483514,0.09891043,0.10759735,0.19104622,0.088151366
330,0.07958973,0.15248378,0.056835536,0.042331196,0.041574515,0.052467365
331,0.033672303,0.048799112,0.043231178,0.026304824,0.028142573,0.2890661
332,0.32483202,0.05834748,0.030343229,0.028648403,0.07137177,0.030863626
333,0.19095294,0.11998866,1.7854006,0.09302521,0.20513791,0.8963485
334,0.05368798,0.040585794,0.05749941,0.08556405,0.037743278,0.047332156
335,0.054409597,0.46471974,0.04429778,0.046385404,0.12316723,0.056927584
336,0.04270793,0.30119637,0.038810205,0.031393193,0.045494545,0.047372013
337,0.07074698,0.09177238,1.1303377,0.10917261,0.051636405,0.5191004
338,0.23411824,0.042719644,0.030440109,0.03513626,0.038085647,0.04502253
339,0.03610768,0.22088137,0.02974272,0.04086585,0.034999892,0.026811844
340,0.09806197,0.16799895,1.3877364,1.7531646,4.787553,0.09466534
341,0.056177266,0.3005402,0.57232696,0.076443754,0.06499662,1.2387806
342,0.04771498,0.05984902,0.30799767,0.0421652,0.03701964,0.043246146
343,0.23626833,0.12261343,0.060281772,0.104506485,0.06538376,0.061263267
344,0.046666928,0.20632805,0.042238798,0.052493807,0.05302158,0.029236035
345,2.1349509,0.06999034,0.0773784,0.052904576,0.058175113,0.04009303
346,0.035628065,0.06251107,0.066507734,0.18406595,0.93435746,0.054835908
347,0.15810218,0.060201213,0.07684827,0.26415923,0.24636541,0.8064686
348,0.08375004,0.5461931,0.4474099,0.17737691,0.05927138,0.06773025
349,0.0648978,0.8754958,0.0586106,0.06510138,0.092181556,0.08562622
350,0.064153254,0.058131665,1.7106797,0.041423645,0.06811247,0.037510183
351,0.112545036,1.2093344,0.066234015,0.07024295,0.1229106,0.074384995
352,0.028109884,0.025996909,0.2801866,0.030737706,0.025854547,0.03885291
353,0.10793005,0.049747307,0.06794096,0.048638463,0.049143687,0.12755412
354,0.17646834,0.14836684,0.3676585,2.5757613,1.8333777,0.39354804
355,2.034356,0.16616991,0.59465027,0.066579305,1.0130997,0.10885541
356,0.07182312,0.03252734,0.050737884,0.023600295,0.10233762,0.05178613
357,0.19144224,0.062274482,0.19754495,0.17984067,0.32109103,0.1741159
358,0.04150534,0.04197938,0.60655254,0.058790147,0.1335276,0.0541789
359,0.05044507,0.04381979,0.7803493,0.044880502,0.070871435,0.10423058
360,0.046205238,0.13854483,0.06415636,0.03202587,0.2540238,0.044490226
361,0.13861933,7.0452294,0.11107284,0.113581665,2.5046654,0.2036558
362,0.31084278,0.041730642,0.069328465,0.15631306,0.050333686,0.59413296
363,0.14439337,0.07511563,0.103909835,3.3609605,0.077217855,0.08988769
364,0.73324513,9.344302,1.0770117,5.97037,2.7186353,1.080895
365,3.1479428,0.31962028,37.39187,1.8716607,4.0103126,0.6000947
366,0.033157058,0.033340503,0.19649425,0.046912123,0.03939856,0.038599715
367,0.101566136,0.064545214,0.08391894,2.8123138,0.075401865,0.10141385
368,0.05289867,0.29070666,0.072688155,1.3402528,0.05658067,0.0868508
369,0.19855344,0.07692048,0.1303735,0.8470656,0.41429004,0.071114086
370,0.041308038,0.046548836,0.2572968,0.074126504,0.5542875,0.14031902
371,0.24249801,0.039359253,0.057044674,0.04576086,0.09235972,0.628162
372,0.04138201,0.094258204,0.02691029,0.029545687,0.024186324,0.03150704
373,0.043233186,0.27117983,0.03462126,0.042479612,0.036170762,0.19352685
374,0.039069075,0.03798773,0.35435805,0.06721133,0.04176229,0.045516446
375,0.44084418,1.0164957,0.07145042,0.08497041,0.06687614,0.0791166
376,0.09378553,2.8151293,0.11958582,0.07575951,0.0725793,0.060088135
377,0.03907395,0.21725424,0.032792002,0.08958399,0.026650444,0.039606005
378,0.15171812,2.8669,0.10589672,2.0198712,0.18643709,0.084021255
379,0.06266565,0.6352623,0.06492774,0.06910742,0.44935277,0.064192906
380,0.06540775,0.1179677,0.043417037,1.4743935,0.055152096,0.05367767
381,0.07749896,1.9440072,0.08597503,0.07815536,0.11834508,0.11580365
382,0.048443902,0.06673588,0.06559311,0.06348773,0.42234102,0.9948973
383,0.0593871,0.077602655,0.33298346,0.06009851,0.481643,0.05024273
384,0.59708047,0.22682837,0.06571629,0.27919552,0.08419547,0.077239394
385,0.064141184,0.04067648,0.043433577,0.0834636,0.040444702,0.033347536
386,3.78542,0.09080347,0.11939938,0.36644545,0.14316441,0.18850833
387,0.038111426,0.06976958,0.10491716,0.045722794,0.10833561,0.117053784
388,0.5160981,0.04759251,0.042057317,0.06306078,0.041072607,0.05585018
389,0.08772983,0.03991417,1.1574612,0.06415643,0.21413589,0.23922992
390,0.06549362,0.04665416,0.07397291,0.051108718,0.10053444,1.5204415
391,0.100484334,0.05912059,2.617481,0.07092779,0.63815284,0.20287122
392,0.06366034,0.056701027,0.04458696,0.87328815,0.061891757,0.03657376
393,0.07404164,0.078966714,0.09393982,0.048233766,1.1724553,0.39197683
394,0.86685526,0.04904354,0.048724502,0.06960391,0.07432641,0.15518528
395,0.03845649,0.03687372,0.43968394,0.035174564,0.037948307,0.028410327
396,0.124503545,4.014737,0.090618804,0.1280693,0.097225994,0.09365262
397,0.45228714,1.1367677,0.16586913,4.68813,0.26769167,0.19937748
398,0.042849902,0.05535069,0.31592286,0.040243287,0.09450586,0.046070345
399,0.3192378,0.10925066,0.05441865,0.18119387,0.05358933,0.06815277
400,0.8804242,0.08476329,0.07009143,0.42418087,0.06998396,0.27573496
401,0.144231,0.039169077,0.5613477,0.053136032,0.057560824,0.04852162
402,0.072352126,0.7554027,0.09406186,0.2705483,0.432997,0.17711511
403,0.05391731,0.09073691,0.11110145,0.05735575,0.06838624,0.69779307
404,0.049462885,0.05000828,0.039892662,1.1401684,0.060754444,0.033548716
405,0.039388034,0.056526445,0.06660495,0.036900364,0.038218535,0.09266576
406,1.8151357,1.0710065,0.6115305,2.9254513,10.473037,2.5355446
407,0.085863665,0.08477678,0.4859897,0.10833538,1.015556,0.2802585
408,0.040894438,0.5307206,0.039526008,0.027032962,0.046280965,0.07423052
409,0.14687937,0.060795933,0.28713217,0.72697496,0.05359999,0.04667835
410,0.14694865,0.100057445,0.1458433,0.1150501,3.848822,0.11636788
411,0.029668665,0.030441886,0.031356785,0.03841535,0.03971256,0.15259121
412,0.08886948,0.4543872,0.08662822,0.04740133,0.06339629,0.07722219
413,0.37197658,0.15306133,0.051806163,0.0609545,0.0543365,0.06512547
414,0.049707524,0.034997944,0.12914056,0.09759623,0.035059847,0.033350844
415,0.14024813,0.07929733,0.065262884,1.9685413,0.058302667,0.047513355
416,0.070852906,0.05093912,0.70743495,0.054911423,0.059925184,0.06303293
417,0.11920993,1.67602,0.2203091,0.15701953,0.27889124,0.10851941
418,0.20037043,0.07118253,0.10136061,0.05075488,0.20930964,0.28717247
419,0.17342943,0.04576354,0.03551529,0.05477134,0.04697193,0.025470015
420,0.2718923,0.37747824,0.056796573,0.5659534,0.058145817,0.07981735
421,0.07406918,0.27922705,1.1227832,0.06149465,0.13966016,0.052336
422,0.0679299,0.2733922,0.07607563,0.04148539,0.14960681,0.033866562
423,0.087169774,0.983845,0.10518866,0.09101427,0.11632916,0.07886495
424,0.049095955,0.05908493,0.055443007,0.04390435,0.048394687,0.6876054
425,0.05729896,0.049258523,0.070853986,0.53820425,0.04876348,0.040645886
426,0.049753442,0.05394901,0.043441214,0.59629136,0.038260408,0.032754123
427,0.054649975,0.035344325,0.1409586,0.045412924,0.48795873,0.027880076
428,0.04266099,0.07167258,0.05062324,0.054792404,0.06088212,0.040048677
429,0.31839433,1.0786576,0.36492276,0.21874876,0.1371153,0.10041852
430,0.07400792,1.4183885,0.16137941,0.08062335,0.16414155,0.13852398
431,0.04846568,0.030921571,0.028173234,0.034030713,0.04789469,0.19622588
432,0.071747035,0.43780836,0.07325283,0.07594104,0.08279388,1.3390294
433,0.44579926,0.09607934,0.0995574,0.053324606,0.09750315,0.1532088
434,0.03948798,0.04008812,0.17602767,0.054005537,0.0616518,0.51870376
435,0.6374867,2.1873505,0.07889748,0.073628366,0.11063766,0.15200976
436,0.1597087,0.90120554,0.13860217,1.9462556,0.45539653,0.077846214
437,0.44851667,0.19019115,0.6740603,0.34151447,0.26996934,0.11950123
438,0.04680281,0.03106939,0.45997024,0.04209851,0.047506195,0.03062329
439,0.107648835,0.07205731,0.059139725,0.07219627,2.373083,0.49791986
440,15.816743,0.16432439,0.21646127,0.13102603,0.34706149,0.18775584
441,0.07628252,0.0963779,0.10577963,0.07796753,0.06660065,1.650746
442,0.094907224,0.057613637,0.04059972,0.04724572,0.32994783,0.03056669
443,0.059114106,0.79508626,0.04572053,0.04564117,0.078041755,0.060512934
444,1.1795074,3.0094564,0.11938342,0.15276358,0.14568226,0.25028548
445,0.4683615,0.039159726,0.06819416,0.10767439,0.12830062,0.034263507
446,0.04886329,0.054359455,0.040053014,0.1061291,0.04389135,0.041877773
447,0.047492422,0.33189946,0.041138105,0.033357862,0.05346935,0.033110294
448,0.0933358,0.7552909,0.09956328,0.5665519,0.091442525,0.09057892
449,2.4408975,0.09369342,0.15273938,0.10135086,1.4368464,0.08199294
450,1.1183139,0.093461215,0.07830836,2.0288253,0.11817598,0.10794036
451,0.05804192,0.17574067,0.06487264,0.13002822,0.08589154,0.049810626
452,0.036043234,0.3070718,0.03795041,0.04461873,0.034286276,0.044984363
453,0.032663237,0.04063886,0.041617565,0.5026985,0.04412896,0.03490364
454,0.09555149,1.7975197,0.059859537,0.07038409,0.049099576,0.065151155
455,0.03135959,0.04945896,0.049662527,0.08610627,0.051286567,0.032799676
456,0.10188098,0.2005011,0.09728084,0.08627833,0.057085615,0.05567211
457,0.04149798,0.033331968,0.031195767,0.03016698,0.038538203,0.37913084
458,0.5107519,0.5267706,0.24575871,1.008401,0.088842124,0.0684896
459,0.15747505,0.051902898,0.029016213,0.04309671,0.029387575,0.041807037
460,1.2188096,5.7940736,0.2115857,0.15070881,3.0563061,0.3140894
461,0.043860983,0.4953829,0.033942267,0.041086208,0.05007543,0.046160303
462,0.04588064,0.057835504,0.37576208,0.076751694,0.05319146,0.037826177
463,0.064672336,0.16115358,0.029877169,0.03238322,0.040112145,0.032229345
464,0.04861751,0.04469138,0.058830418,0.0504216,0.029721279,0.71151656
465,0.04512801,1.0989506,0.047938373,0.036130395,0.065163046,0.062433813
466,2.797679,0.19596672,0.067385785,0.34134826,0.07717869,0.11073744
467,0.055703986,0.036143273,0.57350206,0.07563462,0.045969315,0.038345292
468,0.099694386,0.07072198,0.09593891,0.083006255,0.52617747,6.4080973
469,0.07817529,0.08470831,0.12545574,0.18148378,0.092360206,0.04343349
470,0.047375534,0.077972405,0.031100238,0.043024074,0.07753116,0.2311557
471,0.050839324,0.02992394,0.12359008,0.0622234,0.053860802,0.14627142
472,0.11950974,0.066787735,2.9764788,0.05148198,0.14640397,0.18598393
473,0.05526602,0.044614855,0.05468169,0.18150665,0.057525326,0.102626316
474,0.11604486,0.9668647,0.05813232,0.069687136,0.4887434,0.08569511
475,0.030906886,0.04333965,0.038168445,0.2597437,0.035708707,0.026670165
476,0.13099147,0.03979435,0.16465992,0.030744521,0.030912885,0.054615293
477,0.056444112,0.038924597,0.07408308,0.02743108,0.041376594,0.62830764
478,0.092916146,0.037037544,0.04200186,0.03995468,0.35869393,0.04703539
479,0.30065686,0.09680415,1.1677412,0.5135146,3.7537982,0.34476402
480,0.047698833,0.05293529,0.043950155,0.03493673,0.55106944,0.03832403
481,0.1875985,0.13613558,0.28698835,0.21577926,5.219078,5.8906846
482,0.07856915,0.05000651,1.7403708,0.05582013,0.06987172,0.10244553
483,0.04307653,0.11180934,0.038883094,0.043245677,0.039887406,0.105620675
484,0.07025896,1.3903747,0.06120894,0.052418508,0.060780067,0.11506246
485,0.14999896,0.13505857,0.043549705,0.041945547,0.056458414,0.057453908
486,0.07063306,0.1077324,0.07766826,0.8454302,0.08746428,0.16565847
487,0.042506676,0.037301634,0.039496895,0.1371426,0.23977558,0.042236783
488,0.10214061,0.056984916,0.064402044,0.058254864,0.06640917,0.04677325
489,0.03317288,0.030926555,0.031937577,0.23819976,0.029644782,0.042115085
490,0.06249249,0.06910817,0.046263896,1.0154572,0.04760203,0.06267385
491,0.060394336,0.0939138,0.104632825,0.3074028,0.17341097,0.14394478
492,0.045134675,0.06774766,0.090833105,0.08183982,0.08758587,0.07221663
493,0.070987515,0.3343656,0.074022844,0.046253044,0.3479997,0.07616951
494,0.045983333,0.056391425,0.057406425,0.037743576,0.060014926,0.5785526
495,5.0347695,0.06502797,0.071415685,0.054016933,0.1516697,0.100202866
496,0.27787918,0.17517374,40.52,0.23414336,0.35547853,0.19798909
497,0.14991708,0.096349545,3.321659,0.19514577,0.12362689,0.14766295
498,0.11673615,0.06293509,0.09786747,0.15826684,0.6728549,0.5458065
499,0.08653776,0.07224018,1.5388172,0.0537581,0.5076027,0.08744454
500,0.06388998,3.0358493,0.04495412,0.061334617,0.061812438,0.32998055
501,0.057168648,0.047479216,0.06290907,0.9726465,0.059368294,0.060152933
502,0.21038863,0.029362045,0.034837704,0.03783253,0.028589956,0.0329503
503,0.057593886,0.13091359,1.2900789,0.1008865,0.058821343,0.08896393
504,0.06763841,0.17832832,0.04301431,0.052621085,0.033476114,0.040267345
505,0.25392997,0.18429127,0.058643866,0.04488866,0.15080585,0.09137322
506,0.035519708,0.05171056,0.084627464,0.068441756,0.2893139,0.080072574
507,0.11811313,0.08078071,0.04266946,0.26182732,0.056963276,0.039593562
508,0.37222275,0.05896966,0.04659831,0.054134924,0.06569045,0.07098582
509,0.060640633,0.054778848,0.15624155,0.083261184,1.1248531,0.46225062
510,0.06494544,0.048482385,0.07302123,0.63173443,0.049372196,0.19290715
511,0.41857287,0.26801673,0.2555703,0.5555575,0.039552044,0.042805366
512,0.103031635,1.0878251,0.16237281,5.13173,0.122090325,0.14019461
513,0.047589645,0.04526999,0.50135964,0.040691145,0.08653403,0.07540838
514,0.0931171,0.061474934,1.3731147,0.0632547,0.059108503,0.046253014
515,0.29761574,0.079327516,1.1189543,0.1648042,0.4640273,2.0751355
516,0.05516143,0.047413774,0.04245779,0.24777813,0.04547508,0.031195026
517,0.06303044,0.18122047,0.07005326,0.049213957,0.08535214,1.0525671
518,0.041782625,0.044317517,0.045116756,0.23388296,0.044967733,0.0356802
519,0.096721195,1.047083,0.0516073,0.08242791,0.07809949,0.054207973
520,0.43450963,0.074756354,0.050546683,0.03134351,0.03396615,0.04319492
521,0.21899952,0.055749875,0.060989693,0.0342806,0.03727078,0.03357915
522,0.110493734,0.045955762,0.61666155,0.0751966,0.111207336,0.055250984
523,0.023305891,0.041958544,0.057274915,0.32438162,0.044248812,0.03927404
524,0.03917693,0.050958645,0.09903227,0.039853018,0.28934973,0.033729453
525,0.8247477,0.695044,0.07564582,0.76339346,0.07294328,0.48346993
526,0.081178054,3.707775,0.102594785,1.0115275,0.07652267,0.10786957
527,0.07353567,0.08842019,0.09145147,0.9892972,0.4253454,0.1083604
528,2.2659032,1.3004751,0.22823559,0.5174645,12.437098,1.0701746
529,0.16537218,0.067725986,0.04247163,0.5839275,0.03803456,0.07087587
530,0.07261883,0.07178954,0.04027143,0.064554796,0.05648185,1.3977139
531,0.096221834,0.20599313,0.8314494,0.06272434,0.08267427,0.06304474
532,0.11348545,0.10423232,0.12418821,1.3580465,0.11529842,3.241746
533,0.03644394,0.03377794,0.04239192,0.03804053,0.025687702,0.25056526
534,0.043640926,0.05868337,0.1096963,0.1018784,0.039355285,0.05209493
535,0.035002064,0.034473393,0.03895561,0.04890481,0.13931064,0.15036215
536,0.18245453,1.2831333,3.298573,0.12599461,0.30993214,1.0276355
537,0.148896,0.2207723,0.4980658,0.4329196,0.61993885,0.07562037
538,0.120841555,0.13849229,0.14406133,0.055974588,0.52896076,0.0641534
539,0.04166332,0.6627831,0.037062626,0.04723183,0.04420599,0.059117816
540,0.054824427,0.040306777,0.3266815,0.058655415,0.04289052,0.039810903
541,0.028940292,0.030061914,0.031571113,0.032238208,0.033411644,0.15840049
542,0.047045264,0.06440665,0.040281903,0.54227966,0.058775365,0.03432403
543,0.053817887,0.3152081,0.05731342,0.08613277,0.18303706,0.037333902
544,0.05333686,0.38962084,0.05006435,0.058542978,0.16864038,0.053833824
545,1.7201407,6.7262225,0.1790491,3.5541391,0.2189055,0.33096272
546,0.0485214,0.5294506,0.04382331,0.04653037,0.049401965,0.044933036
547,0.045153517,0.062812485,0.05222442,0.05102741,1.2181947,0.11400227
548,0.079747885,0.037213687,0.11070103,0.046605937,0.14245364,0.06103554
549,0.36843732,0.058507316,0.046234008,0.59339184,0.050504576,0.09166422
550,0.07708659,0.11936492,0.17953573,0.083024174,0.091422014,0.052623205
551,0.47302306,0.09486701,0.07402785,0.8841917,0.06331395,0.06261735
552,1.0293522,0.049036603,0.34082708,0.050365604,0.056045372,0.059189685
553,0.1946978,0.09865239,2.4974916,0.2572825,1.729268,0.1573443
554,2.0309794,0.122524284,0.12958142,0.13351072,0.09342191,0.095197044
555,0.118302315,0.068445586,0.12332963,0.08498653,2.1740391,0.060324717
556,0.056070294,0.060398865,0.045425434,0.030367034,0.32222816,0.14175315
557,0.03619888,0.48972163,0.04732587,0.061633285,0.067944825,0.048005987
558,0.15575807,0.8520072,0.21569423,0.5558437,1.9851496,0.088631034
559,0.04038709,0.085404895,0.039475843,0.05465956,0.039742183,0.03535404
560,0.21557336,0.685058,0.06634301,0.13177167,0.049584955,0.06750524
561,0.037427865,0.026386524,0.049511325,0.023363736,0.031489488,0.3693385
562,0.060341485,1.6567669,0.041493077,0.12422255,0.050428715,0.10674742
563,0.10244868,0.03885424,0.043471605,0.061410073,0.58270735,0.06998652
564,0.05648712,0.10511586,0.090253696,0.96678776,0.69472724,0.0827158
565,0.034541357,0.041297663,0.029678622,0.12771697,0.032637175,0.034648865
566,0.04391195,0.040883694,0.18821979,0.34461114,0.05667109,0.0345477
567,0.043777052,0.48492342,0.031748302,0.04235804,0.056316063,0.037249073
568,0.06208004,0.048027538,0.26606658,0.039976563,0.11528712,0.03945086
569,0.07856105,0.07530673,1.0789931,0.09988324,0.09046849,0.117243305
570,0.058462374,0.22895224,0.053047724,0.052490782,0.054182626,0.22832803
571,0.19997673,0.042423252,0.087034516,0.5524905,0.047749486,0.059767056
572,0.41590467,0.039875437,0.03721729,0.052343804,0.21171364,0.051614605
573,0.076939985,1.373744,0.08817918,0.93912095,0.07655155,0.06965164
574,0.038470246,0.08132083,0.04187333,0.1901601,0.3669398,0.036775216
575,0.05742721,0.29855928,0.06728649,0.09507442,0.05035611,0.4186629
576,0.15437981,5.9980454,0.68792564,0.46308395,1.0581664,0.25710964
577,2.0227816,0.25196418,0.667272,0.19336596,16.317055,0.3682034
578,0.03643115,0.02258901,0.037143238,0.03739273,0.24210037,0.055084027
579,2.1990418,0.064580955,0.08174384,0.08379526,0.10357873,0.20085421
580,0.058142763,0.060896408,0.21839006,0.030676564,0.06697116,0.049656406
581,0.11331188,0.14614382,0.12246823,8.615068,0.55265987,0.11069776
582,0.1539474,0.8400991,1.2437004,2.1715844,2.1728961,1.2506204
583,0.061903287,0.41632473,0.0395567,0.11689611,0.057485923,0.045272406
584,0.6457988,0.69676757,0.06492926,0.06592269,0.040207002,0.07929851
585,0.038924016,0.030763742,0.20139094,0.039821304,0.04898857,0.049667772
586,0.2634188,0.046190463,0.042362757,0.08802748,0.04598785,0.04149117
587,0.11444595,0.43312064,0.07048076,0.6143337,0.3961574,0.050233603
588,0.042711977,0.39747444,0.048424114,0.03646004,0.03639368,0.043156616
589,0.04088997,0.58358765,0.04537721,0.07860555,0.038381875,0.040005147
590,0.036900267,0.06774304,0.036417432,0.021679308,0.02490642,0.06619351
591,1.6961187,0.58375233,0.17185983,0.366964,0.07871825,0.11624001
592,0.061121516,0.041942224,0.065501474,0.029780671,0.18999329,0.052721284
593,0.13171463,0.05639897,0.86345774,0.06378993,0.049583815,4.559501
594,1.1071475,1.0163447,0.12784007,3.768981,1.6864,0.12090964
595,0.8325176,0.21526779,0.07771934,0.091695905,0.075600065,0.070928834
596,0.1648421,0.059075315,0.6427564,0.05017656,0.14696713,0.09574947
597,0.88563776,0.05503777,0.79151976,1.6015822,0.56027037,0.7119402
598,0.52113855,0.053409632,0.06272382,0.041320916,0.06965321,0.051125556
599,0.12131123,0.032850947,0.032893527,0.055917066,0.03573884,0.026671883
600,0.05431115,0.06432428,0.073108345,0.066885404,0.60547966,0.5502856
601,0.045170274,0.037382964,0.22820899,0.04792188,0.05781628,0.20169032
602,0.095311396,0.06406526,0.6644963,0.063287094,0.0833221,0.043472864
603,0.036335804,0.049663816,0.22996955,0.053148355,0.030880999,0.24859916
604,0.062380165,1.5820763,0.11405771,0.07864959,0.09673847,0.110820435
605,0.28192866,0.45927504,0.6721491,2.9087563,0.6619863,0.16650707
606,0.3019922,0.16106392,0.69465697,0.37197164,0.44056046,37.917233
607,0.053597763,0.54047745,0.038211927,0.12932156,0.037941173,0.0737878
608,0.11155037,0.72359365,0.53902227,0.07744567,0.114797875,0.07183696
609,0.038168587,0.04054337,0.052268047,0.045171052,0.40682134,0.035591796
610,0.04620946,0.611747,0.04743747,0.045664653,0.039534632,0.023586363
611,2.3211658,11.369635,0.24468063,1.7279701,5.5055337,0.2822447
612,0.98063344,0.06967917,0.41508216,0.30885765,0.08652572,0.07766088
613,0.06087072,0.043654725,0.24901651,0.06517913,0.04057819,0.4001218
614,0.08979919,0.050071903,0.08545044,0.0810968,1.5686677,0.049725685
615,0.046783306,0.06126509,0.15975136,0.038556453,0.037051655,0.10362489
616,0.3457092,0.056304093,0.07389538,0.07620077,0.06712204,1.5356466
617,2.6605554,0.065260656,0.068850845,0.09326052,0.07604705,0.07150276
618,0.20110936,0.09771491,10.116017,0.34807712,2.0220346,0.13525194
619,0.07046289,1.0031254,0.10664693,0.058840998,0.10127301,0.05874535
620,0.44288182,0.769127,0.23762211,0.5770435,2.390883,0.08940838
621,0.042228084,0.0955326,0.034411073,0.02903317,0.033019878,0.031158255
622,0.16655003,0.61286914,0.048007213,0.057085805,0.04010195,0.031448707
623,0.82405204,0.25229213,0.19189027,0.14261575,0.0611507,0.07513083
624,0.086095124,0.29825348,0.09601841,0.938017,0.0949286,1.2791642
625,0.03942401,0.059009813,0.14203387,0.056238532,0.16662721,0.057360627
626,0.11704632,0.99505806,0.04210243,0.1022093,0.0644501,0.06740669
627,0.04891986,0.057477795,0.043720346,0.03235619,0.07183973,0.36577067
628,0.09126361,0.08353918,2.1197543,0.099496566,0.08035676,0.104064114
629,0.11541295,0.22985347,0.030301793,0.123024695,0.039094094,0.054017182
630,0.0545133,0.05666173,0.21649878,0.03293695,0.03737328,0.035983622
631,0.065523356,0.033446383,0.07314763,0.053894002,0.057801027,0.15584607
632,0.053635303,0.072036274,0.90228534,0.047309317,0.18117817,0.03317376
633,0.69556034,0.06163931,0.052228365,0.044714965,0.17491992,0.054629844
634,0.9570532,0.17636748,0.19619583,1.088661,0.2282867,0.10356407
635,0.18989807,2.7502322,0.20800787,0.05502619,0.08561931,0.15849288
636,0.0789214,0.06460771,0.26220942,0.69636554,0.77177393,0.119623944
637,0.07245889,0.08469516,1.3866096,0.07400546,0.057855543,0.07023192
638,0.042273454,0.49929985,0.042362276,0.062243342,0.035370912,0.05218247
639,0.07876779,0.06766633,0.08168512,1.1647327,0.101813726,0.074969955
640,0.06641921,0.075125076,0.067464195,0.27060655,0.02333957,0.04552367
641,0.80626374,0.088269494,0.054193042,0.06222341,0.055110317,0.043360192
642,0.030957969,0.037547767,0.06874703,0.038298085,0.5870522,0.045549948
643,0.8088725,0.062957115,0.08701491,0.5648851,0.12753491,0.0994666
644,3.2392073,1.1500332,1.876095,0.70609754,5.311809,1.23856
645,0.5331463,0.2477934,1.2339401,0.07966451,0.733684,0.11577909
646,0.05973552,0.104461916,0.24207647,0.08539948,0.41699678,0.062105343
647,0.48921612,0.03883585,0.20815074,0.052602857,0.06780535,0.050865334
648,0.07377194,0.038138427,0.3821163,0.24914178,0.08087391,0.071978584
649,0.62875,0.32219782,0.11200552,1.6298182,0.072224505,0.046813797
650,0.035357215,0.22569463,0.04464456,0.056309316,0.047441375,0.03851424
651,0.07782433,0.030923309,0.03871635,0.046917215,0.06886924,0.21830796
652,0.067862704,0.78791964,0.099727266,0.07928458,0.1761995,0.05100618
653,0.070678,0.040862218,0.04294215,0.18286681,0.033756826,0.034811944
654,0.08886906,0.049567714,0.07434594,0.039016467,0.87857145,0.05696247
655,0.3973473,0.08733608,0.71722555,0.46096787,0.35827217,0.0715733
656,0.34139162,0.15057582,0.14928097,0.14854713,5.5193906,0.103828974
657,0.038027473,0.08707895,0.07107316,0.088551804,0.07239966,0.078397475
658,0.28096643,0.112233214,0.6734572,0.17007531,2.182117,0.079669766
659,0.04246664,0.060528547,0.4000429,0.04625452,0.032663677,0.043835
660,0.24760844,0.06470428,0.27152774,0.056326218,0.04882802,0.2760564
661,0.0566531,0.26567513,0.039043445,0.15673614,0.074910626,0.03861715
662,0.04393433,0.38818428,0.042156775,0.052920826,0.04306321,0.04755346
663,0.27448615,0.08090667,0.57399005,0.08757772,0.050972473,0.21097903
664,0.06482591,1.6457841,0.1513482,1.1778836,0.34144458,0.13723505
665,0.06147714,0.0475163,0.06906272,0.041475885,0.40565827,0.049200322
666,0.055350874,0.04108538,0.032264773,0.045562983,0.40885323,0.122037046
667,0.061430056,0.04257487,0.055482555,0.23821397,0.459204,0.03530121
668,0.03452124,0.1511762,0.04486791,0.03184537,0.03282625,0.054544516
669,0.062579796,0.35784316,0.10933047,0.043803338,0.04782515,0.048774745
670,0.10473993,0.03347503,0.031734135,0.049851686,0.0379504,0.061312363
671,0.2551067,0.32441738,0.2110086,0.18041328,0.18522571,0.14232568
672,0.052389815,0.21494767,0.048648443,0.03652893,0.02409269,0.029481228
673,0.048080698,0.35534066,0.047499698,0.04886128,0.039784256,0.04167889
674,0.05197185,0.043205947,0.08436607,0.0420692,0.19128613,0.51909274
675,0.028536366,0.06514202,0.034298807,0.034051646,0.13743381,0.05671397
676,0.83498275,0.043928236,0.04251684,0.06317931,0.051376417,0.036736846
677,0.06914593,0.15434751,0.05570676,0.11746896,0.040409934,0.06328545
678,0.037622835,0.034685817,0.073481284,0.04190459,0.033860825,0.2917664
679,0.043882404,0.87481123,0.031438086,0.048230484,0.045382332,0.035956495
680,0.07065982,0.073832765,0.16969967,0.049773347,0.042890474,0.0646075
681,0.05429682,0.07642934,1.4969358,0.065548256,0.058986526,0.040678475
682,0.059062492,0.554176,0.08272027,0.03984952,0.037134632,0.054455675
683,0.09153996,0.060196538,0.052186485,0.06688496,0.20193043,0.05963112
684,0.04683028,0.03055507,0.048179436,0.04310442,0.20153287,0.033339728
685,0.045057334,0.020499319,0.02776594,0.2091016,0.0328434,0.02899399
686,0.053102523,0.41482452,0.061446354,0.05881112,0.1183969,0.06689244
687,0.160849,0.09365927,0.10248182,0.13950446,3.8817067,0.12331741
688,3.5389378,0.3203826,0.11041668,3.07304,0.19883302,0.23680276
689,0.107101284,0.043760587,0.0643982,0.056864634,0.08173733,0.26638415
690,0.0576687,0.091256246,0.091460615,0.037691277,0.051468123,0.033678845
691,0.037333243,0.2504121,0.03388931,0.034020297,0.028867882,0.040592235
692,0.034095995,0.026281405,0.48041248,0.03939282,0.032198515,0.047137808
693,0.040129248,0.035903882,0.066894785,0.09765662,0.0699364,0.028439878
694,0.033466466,0.13728736,0.030451685,0.043860003,0.03013794,0.03650931
695,0.030515686,0.08338425,0.042699292,0.025466755,0.03035143,0.063372806
696,0.037353642,0.4558019,0.040198904,0.04059377,0.04852395,0.046613287
697,0.05290699,0.04194826,0.05978776,0.055901214,0.049223687,0.34490946
698,0.037363693,0.031914942,0.038785398,0.043709923,0.030697042,0.16520745
699,0.03787086,0.035064854,0.13907918,0.028303144,0.039351966,0.037390683
700,0.046714585,0.09113805,0.033881266,0.043915004,0.069389954,0.32914287
701,0.15379605,0.039883222,0.044559434,0.0662679,0.07119691,0.032403186
702,0.09149206,0.089498065,0.2010098,0.1733682,2.4409275,0.08807013
703,0.5666282,0.08849867,0.78977484,0.16387735,1.1699557,0.07145587
704,0.071582384,0.051650196,0.03846169,0.07740866,0.34110996,0.07500586
705,0.059498895,0.064503655,0.15609714,0.06010914,0.45637515,0.08277737
706,0.049262933,0.047668733,0.70334154,0.058683753,0.06263478,0.10837012
707,0.09081151,0.070367716,0.1727197,0.044433005,0.77677834,1.1455344
708,0.09053335,0.112337165,0.07320597,0.054274607,0.06718997,0.079196654
709,0.064926766,0.09446868,0.07790964,2.721032,0.15140852,0.06834893
710,0.45421398,0.29114386,0.18193276,0.102947176,0.07255783,0.05892188
711,0.09574521,0.043987054,0.09515058,0.05166481,0.207738,0.032359887
712,0.037322953,0.053295728,0.09284425,0.04088254,0.04860747,0.54426086
713,0.043976467,0.032877367,0.087194405,0.04940491,0.19205981,0.036362004
714,0.558091,0.81198585,0.053588033,0.27439746,0.08445701,0.26597077
715,0.052898996,0.04276402,0.056116935,0.68529296,0.056629345,0.0559056
716,0.3454237,0.048269276,0.13373779,0.04844508,0.04231783,0.042895507
717,0.08804819,0.04046526,0.3343293,0.04364109,0.280749,0.05225614
718,0.18273403,0.05166674,0.47295466,0.09946182,0.052763276,0.094206154
719,0.2642688,0.03229016,0.037665892,0.025366046,0.034427643,0.036398
720,0.04751273,0.039112642,0.043054245,0.113348864,0.038519226,0.036746338
721,0.03893907,0.050905608,0.9647807,0.11740106,0.11025984,0.07281962
722,0.043530807,0.4950113,0.029103262,0.048634846,0.03686771,0.035305765
723,0.051500183,0.033222534,0.033858344,0.029412514,0.05272671,0.033578493
724,0.18039887,0.47305092,0.08236948,0.14709891,0.06384093,0.06579727
725,0.06428804,0.13839199,0.06217214,0.26749516,0.03481047,0.070301935
726,0.043931134,0.026936775,0.028727718,0.06096461,0.035285257,0.04291022
727,0.09951671,0.08769408,3.624939,0.06794449,0.18920726,0.40517312
728,0.31417546,0.043050915,0.055896487,0.20021531,0.051321767,0.042660385
729,0.061899923,0.11947008,0.18271305,0.0567178,0.056437384,0.19649021
730,0.07076466,0.5254146,0.04278871,0.84795326,0.05457429,0.04430056
731,0.20642267,0.121224105,0.11641605,0.05342269,0.08123577,0.08932859
732,0.06069698,0.9197623,0.043976925,0.05194633,0.11282406,0.061951812
733,3.5532672,0.111133076,0.10044047,0.82379407,0.2885791,0.10837805
734,1.6244313,0.11636912,0.46368486,0.13199857,0.10802852,0.8796973
735,0.07230289,1.5122179,0.066885196,0.06614671,0.07656964,0.06562434
736,0.042152185,0.029312272,0.2372968,0.028785251,0.02511268,0.02908852
737,0.033483014,0.381932,0.039959837,0.053631313,0.031487264,0.0491478
738,0.060560983,0.086544916,0.073190644,0.021727832,0.040877063,0.04874824
739,0.052281577,0.10198699,0.044938013,0.118178226,0.14035015,0.04793718
740,0.08162938,0.08195304,0.053149644,0.039741464,0.033938807,0.16550767
741,0.2741422,0.079891875,2.584052,0.12125117,0.6970122,0.2775625
742,0.030701082,0.027401363,0.32656357,0.028331116,0.035914946,0.032013264
743,0.027154682,0.03621881,0.26209185,0.03538616,0.035346325,0.044766955
744,0.03862047,0.040959798,0.24047852,0.03690291,0.042948302,0.049217388
745,0.034905415,0.023241159,0.040131144,0.04230744,0.16182837,0.036511566
746,0.10140234,0.35374194,0.091042824,0.22209217,0.77471435,0.060621545
747,0.100988284,0.06280574,0.9549229,0.0840992,0.37542206,0.12646273
748,0.0846313,0.51541436,0.051815268,0.08079865,0.053630874,0.06344647
749,0.04010457,0.056013502,0.045462806,0.04990787,0.40753627,0.15614276
750,3.9718642,0.21167214,0.8711352,0.31370544,0.06459253,0.2629338
751,0.038988043,0.16880353,0.044610094,0.15259632,0.03291606,0.0436413
752,0.11254808,6.299339,0.1477458,0.16178308,0.46269828,0.16583288
753,0.05949285,0.03294019,0.26233834,0.08276034,0.056981146,0.06438104
754,0.05389824,0.053215194,0.07283516,0.1852749,0.044996336,0.03243722
755,0.04722107,0.36007988,0.15400936,0.033957586,0.026242685,0.039668377
756,0.042187646,0.04155353,0.04165058,0.04006637,0.04175041,0.72423077
757,0.5536414,0.42570886,0.16397503,2.7350354,0.8665874,0.15505597
758,0.054199442,0.27453208,0.051594436,0.4833421,0.04646397,0.06520996
759,0.193307,4.1573105,0.5067631,1.1560261,0.17848136,0.10331608
760,0.06290644,1.1186839,0.22782178,0.08156559,0.06360084,0.06825323
761,0.14890182,0.05338513,0.1964322,0.0611757,0.2182435,0.046762794
762,0.51866895,5.005365,0.18256396,0.16331431,2.1746445,0.24137384
763,0.29801792,1.3908453,0.12217566,0.19920202,0.12504332,0.097061425
764,0.06448657,0.0605525,0.06846208,0.04822558,0.395945,0.06244292
765,0.18832764,0.025882706,0.042137567,0.029254027,0.032442383,0.045717634
766,0.038042936,0.04875569,0.21686172,0.057309005,0.1266404,0.037054706
767,0.0693866,0.06503973,0.0919316,1.5756226,0.2751907,0.12842481
768,0.23694035,0.08856028,1.8219813,0.1486989,0.14037538,0.09822575
769,0.10327464,1.8030088,0.06549218,0.15226252,0.08997437,0.109759845
770,0.06345638,0.07248076,0.13786165,2.5735207,0.08231128,0.05552812
771,0.046831515,0.023195285,0.072054505,0.020366639,0.046678644,0.041212015
772,0.030913768,0.04087007,0.09617731,0.040321503,0.5529335,0.052804787
773,0.3327772,0.123931564,0.15428655,0.12079208,0.53595835,0.22685213
774,0.14533389,0.042559385,0.068433665,0.03963649,0.052249167,0.044641707
775,0.06774649,0.85033035,0.06339517,0.29897732,0.051743694,0.0565737
776,1.5115708,0.3794924,0.06697683,0.07093457,0.053572383,0.06752569
777,0.038493525,0.3110389,0.05336143,0.042120896,0.03923404,0.04124909
778,0.075909905,0.049627207,0.04369864,0.041508768,0.036946807,0.45887962
779,0.20295791,1.1957853,0.10530297,0.1274642,0.051094588,0.0879247
780,3.7339444,0.1646704,0.31069127,0.13333197,0.25292858,0.35408795
781,0.055232584,0.05071412,0.070182376,0.0595092,1.0544556,0.052448075
782,0.064916745,0.0457138,0.3129154,0.06848957,0.16610283,0.07433595
783,0.04375661,0.063454695,0.47423992,0.055245813,0.066855155,0.054149594
784,0.058378108,0.063010976,0.044047933,0.044918433,0.29124963,0.06346132
785,0.05391037,0.46264502,0.044440247,0.03285105,0.04362267,0.032646652
786,0.47942904,0.06806789,0.06773262,0.054959588,0.55746406,0.08718173
787,0.05270489,0.05231776,1.2572949,0.05452359,0.05360572,0.06304346
788,0.036185637,0.027264068,0.05436567,0.03639951,0.040875893,0.16549993
789,0.1441772,0.78059894,0.4124516,0.3912034,0.7902419,0.06393092
790,0.1402504,0.17503786,0.5152807,0.17327678,0.06716849,0.06544932
791,0.051735386,1.1664292,0.08969315,0.060114138,0.09832764,0.07982223
792,2.0051458,0.15884788,1.5096543,1.1061004,2.9688485,3.9200928
793,0.16781245,0.041174725,0.03477089,0.03271243,0.032143835,0.069016695
794,0.111884415,0.023940595,0.04529706,0.40319952,0.059130516,0.05163715
795,0.16567542,0.02662824,0.08796136,0.04461236,0.029467063,0.026071431
796,0.058770586,0.09781943,0.07753709,0.04518392,0.085612684,0.3910989
797,0.5576206,0.053572882,0.15892127,0.08445491,0.10285644,0.2716058
798,0.15307763,0.06194424,0.07069984,0.04928692,0.11055888,0.1571338
799,0.83745104,0.51496154,0.07934436,0.107381344,0.3820752,0.06887772
800,0.0659538,0.07902385,0.38808563,0.1322132,0.49608305,0.057492565
801,0.102207154,2.3891292,0.13168341,0.08131332,0.6296762,0.06918188
802,0.047000002,0.039727867,0.030930415,0.033620607,0.04128424,0.22662653
803,0.08599912,0.10091243,0.110559344,0.113101125,3.329517,0.09261216
804,0.07429249,0.0599273,2.3640032,0.08563981,0.06663491,0.28569245
805,0.0734281,2.2568169,0.054307718,0.30593944,0.071550906,1.5019503
806,0.061220173,0.038473036,0.066620156,0.10165243,0.042503692,0.07508151
807,0.10511814,0.06693655,1.1035681,0.2110955,0.07506295,0.063490346
808,0.41467422,0.043291662,0.038694788,0.082560845,0.08560488,0.05636267
809,0.061702225,0.27826017,0.06393401,0.053752486,0.07132571,0.04485923
810,0.05170289,1.3150885,0.035107587,0.14035681,0.044371426,0.056856006
811,0.21227877,0.051843293,0.21364379,0.0580309,0.045477133,0.03806001
812,0.039508097,0.21775384,0.048120577,0.045089085,0.14743659,0.09333775
813,0.038359087,0.5286135,0.049583558,0.041659176,0.041060995,0.040307786
814,0.11172905,0.082362816,2.0727227,0.32858342,0.08436728,0.55151707
815,0.11315954,0.071817406,0.43443576,0.04864135,0.035193842,0.037463285
816,0.06956991,0.0683942,0.13449079,5.005855,0.10697554,0.11037925
817,0.06534294,0.12715405,0.23427263,0.4685519,0.064539805,0.06409126
818,1.2892239,2.0532613,0.36822477,0.44137076,4.0152106,0.14939184
819,0.053427037,0.036035806,0.09028032,0.033033367,0.07176675,0.088115424
820,0.34160626,1.3137809,0.050287135,0.046487708,0.05080462,0.054441363
821,0.061021198,0.26305032,0.07320153,1.7303886,0.067358494,0.06919083
822,0.050123878,0.038583476,0.30248722,0.042211447,0.026409762,0.03936755
823,0.07585971,1.2076222,0.090013444,0.06717025,0.086518124,0.91277
824,0.17019579,0.034736894,0.086209364,0.053084336,0.055461597,0.35414037
825,0.08351024,0.061486438,0.046684317,0.06398173,0.9351061,0.078494385
826,0.05828999,0.06684344,2.1477578,0.036802907,0.06141441,0.036267087
827,0.1653816,0.19652455,3.1561577,0.13026303,9.083131,0.1947854
828,0.04921277,0.49009144,0.0433534,0.033879016,0.033101823,0.045095537
829,0.092284635,0.11210416,0.11706776,0.069984876,0.12120534,4.232129
830,0.11723226,0.21505539,0.10874641,6.040642,0.15552686,0.13852718
831,0.07602531,0.07519815,0.07432887,0.055462122,0.24994195,2.4781237
832,0.26030105,0.06294493,0.0769585,0.043287132,0.057363562,0.0770772
833,0.04453802,0.057069063,0.27118292,0.12605046,0.30743685,0.06818384
834,0.04504317,0.04007661,0.26789618,0.032335944,0.053917695,0.05532741
835,0.04918933,0.043965083,0.04088142,0.11456484,0.09099487,0.05307664
836,0.07164201,0.06397944,0.7036361,0.03779056,0.048261393,0.050454937
837,0.04051327,0.035715684,0.02702129,0.037853826,0.087769724,0.04049928
838,0.17346777,2.4520152,0.11567096,1.9673704,1.0947881,0.099050574
839,1.7063309,0.41929865,1.2760127,1.1729764,64.675285,6.5017047
840,0.03475923,0.02320117,0.037493695,0.026624925,0.03131087,0.03255889
841,0.23683247,0.039503355,0.050051097,0.024510965,0.037804563,0.029708944
842,0.052822404,0.12428997,0.050930656,0.43872815,0.058594365,0.05749397
843,0.095413476,0.062673815,0.03758394,0.072732955,0.20194279,0.049855113
844,2.7734535,2.461009,0.09773502,0.10540858,1.6161293,0.1971316
845,1.2163583,0.06455712,0.3634751,0.06536591,0.57426447,0.16418217
846,0.037831917,0.05471336,0.052086968,0.03877583,0.04022217,0.076681554
847,0.02966036,0.023175525,0.17795263,0.03400764,0.03442886,0.02969167
848,0.076590404,1.3839381,0.079124875,0.055640414,0.08586132,0.11287707
849,0.040509842,0.050527137,0.057913147,0.073148474,0.40196815,0.047694463
850,0.10780885,0.06244018,0.24924271,0.1676321,0.12838972,2.1187005
851,0.123169586,0.06983949,0.58986,0.075605065,0.39260158,0.0832279
852,0.18885727,0.096045285,0.04262614,0.04822139,0.048530616,0.036386274
853,0.10677744,0.06759228,0.60672057,0.18250217,0.49514812,1.3958769
854,0.111585505,0.055999413,0.038315672,0.060367554,0.0811914,0.6428359
855,0.062271062,0.0781159,2.6526504,0.057313826,0.065495476,0.11113631
856,0.10669735,2.0740137,0.053451456,0.06515446,0.06908851,0.070057124
857,0.054577343,0.11225132,0.067304365,0.112848274,0.07575892,0.08759044
858,0.17215435,0.04820888,0.057040676,0.06411909,0.18110365,0.043010324
859,0.042916745,0.23442638,0.029668145,0.032686997,0.048294738,0.03909971
860,0.038502615,0.03071332,0.073247515,0.037038997,0.054030295,0.032949455
861,0.08726941,0.106656566,0.06309715,1.4210191,0.38832828,0.059314825
862,0.05356712,0.2928328,0.0317146,0.04276528,0.042191725,0.044891752
863,0.054927837,0.039070517,0.0933356,0.047748484,0.15868373,0.03368396
864,0.6299199,0.037253425,0.0758616,0.29401073,0.0491359,0.16121565
865,0.5681209,0.4270503,0.27547607,0.11337207,0.31689873,0.08048209
866,0.4563252,0.27346185,0.17350729,0.4747465,0.12577851,0.08110555
867,0.36344826,0.037637297,0.05908883,0.051044393,0.18745841,0.06277235
868,0.06585593,0.05887172,0.0727597,1.1235639,0.13562056,0.070830725
869,0.034567416,0.1087184,0.060484238,0.030260986,0.026152734,0.07789884
870,0.10809946,0.15723379,0.031006353,0.049238708,0.040897004,0.17493065
871,0.044422586,0.036991317,0.026264064,0.026321702,0.038061276,0.06930019
872,0.17928208,0.056538902,0.042927694,0.14137869,0.05458778,0.051075887
873,3.3788779,0.58902764,0.42601255,4.5751057,0.19235422,0.12010764
874,0.06665065,0.37986168,0.06369,0.03890285,0.037129942,0.037312597
875,0.076550946,0.037250113,0.13668188,0.03289749,0.09501054,0.18025348
876,0.04855705,0.039626233,0.06358645,0.029510368,0.03750718,0.4907029
877,0.050885566,0.06758909,0.08106389,1.5765479,0.10090544,0.094706126
878,0.14609599,0.13097213,0.13279963,0.17230561,0.27913326,0.23675656
879,0.031471506,0.40789664,0.04287364,0.034896735,0.05512961,0.040943872
880,0.05568881,0.05036541,0.042517595,0.2217888,0.09030069,0.03848641
881,0.040430956,0.039136995,0.04758189,0.035221033,0.16457276,0.15369605
882,0.24958818,0.12620471,0.5247063,0.07637527,0.065333866,0.1714396
883,0.03227141,0.037277266,0.05009474,0.3736064,0.09273075,0.042558692
884,0.3543169,0.16140942,0.37522674,0.789727,0.051981516,0.14553203
885,0.07314619,0.078167945,1.1774734,0.06467364,0.06128165,0.08637528
886,0.30643004,0.039108,0.06890894,0.19558401,0.05846096,0.04904622
887,0.13124108,0.098662175,1.3486546,0.043055013,0.4477388,0.10962529
888,0.040939793,0.033210464,0.15089001,0.036181983,0.1922318,0.04803673
889,0.057600934,0.35836002,0.033143908,0.39894348,0.07453056,0.07775942
890,0.19057469,0.079445414,1.2302042,0.07474293,0.2756439,0.09116151
891,0.1340039,0.10173155,0.045123912,0.050208874,0.03959684,0.18681748
892,0.039246783,0.8213404,0.07486046,0.13363418,0.083742775,0.098284125
893,0.17989893,0.068282016,4.3144565,0.104811445,0.1373985,0.13723803
894,0.12552582,0.37479308,0.61782366,0.08589199,0.09952302,1.9662017
895,0.5098941,0.04291415,0.6995151,0.062509924,1.0693244,0.072459586
896,1.9296298,0.082518674,0.2108769,0.104548484,0.28316182,2.0696595
897,0.08195597,1.2526015,0.1399143,0.10726099,0.12228227,0.060897924
898,0.2753655,0.051379908,0.31193632,0.71201503,0.11092184,0.099432364
899,0.46436352,0.05135549,0.04709119,0.05259196,0.10837476,0.09185886
900,0.717064,0.24579081,0.8413421,1.1034658,37.34792,1.5839324
901,0.041060284,0.044565734,0.379495,0.040500093,0.062052555,0.037704088
902,0.06381181,0.06936055,0.66526586,0.054866403,0.21361968,0.06308542
903,0.06076417,0.037831403,0.13383004,0.05935349,0.064005695,0.15025416
904,0.18791842,0.067041464,0.071290635,0.33161542,0.19767937,0.068402864
905,0.04208003,0.0477423,0.0314007,0.027808951,0.031301934,0.20697647
906,0.037311994,0.03971358,0.03964312,0.027983595,0.031015057,0.29303542
907,0.04143766,0.0466395,0.038861305,0.038153496,0.02193496,0.1107606
908,0.061196398,0.049490906,0.13975884,0.031848807,0.02839563,0.047052007
909,0.14183089,0.15460868,0.11030135,1.1789445,2.0194757,0.1147353
910,0.03156607,0.057416584,0.41751084,0.038368147,0.053817563,0.045621786
911,0.029628117,0.24401592,0.021404576,0.058455978,0.028848791,0.03536525
912,0.29776478,0.084161684,1.6026111,0.07554728,1.0849532,0.07460307
913,6.2687035,1.7854006,0.23362917,0.77874285,0.2933857,0.19045559
914,2.0756714,0.048294406,0.0601242,0.09492666,0.15294121,0.08562592
915,0.1023029,0.06291791,0.24668428,0.04990057,0.22859582,0.07914536
916,0.043309424,0.07847975,0.07405384,0.9381846,0.07507634,0.0733289
917,0.26564425,0.18082158,0.04600001,0.08180817,0.033756785,0.0639605
918,0.034714036,0.02798678,0.18913485,0.03416734,0.030502753,0.03476329
919,0.08863408,0.058587957,0.56295896,0.11569232,0.34536055,0.055969186
920,0.045213126,0.03994849,0.32636398,0.05384123,0.047262803,0.062646106
921,0.18510903,0.24150823,0.043146506,0.0589312,0.087782644,0.04762758
922,1.030921,3.6525786,0.55574346,0.13730556,0.15864958,0.5675038
923,0.063599855,0.18364578,0.047245324,0.07836164,0.053780105,0.057308376
924,0.10262749,0.055850927,0.063112214,0.06420086,0.07589453,0.3922089
925,4.4616113,0.078055635,0.14335933,0.06396905,0.0760225,0.11500488
926,0.0785192,0.05437985,0.040929735,0.1020441,0.055565827,0.5368943
927,0.32066944,0.059153374,0.055272043,0.07297665,0.124791436,0.2715345
928,0.083365485,0.079104155,0.548398,0.046305425,0.06511044,0.12126842
929,0.059429914,0.08573525,0.0537441,0.059935704,0.04347057,0.037109572
930,0.07551279,0.4662604,0.080209,0.34776554,0.058689367,2.0087829
931,1.7786157,0.105696134,0.06919534,0.12598325,0.067559235,0.42964983
932,0.05946013,0.045490663,0.038101614,0.038167376,0.06568984,0.25195205
933,0.13107304,1.2821255,0.10617802,3.7937467,0.101971954,0.104702435
934,0.057360314,0.1575594,0.10918146,1.2043444,0.063757665,0.09506384
935,0.040682156,0.13415718,0.02810777,0.060129575,0.16161682,0.042344995
936,0.03326181,0.021090694,0.10385429,0.033577695,0.024499368,0.039304417
937,0.03691626,0.055063233,0.047254544,0.048596807,0.0454292,0.09377209
938,0.060690917,0.7987026,0.05843708,0.047020603,0.04384091,0.055654798
939,0.041495867,0.14189309,0.033639483,0.02845273,0.03076409,0.032085463
940,0.09474782,0.08948265,0.08674373,0.06813665,3.2718627,1.1222222
941,0.044632558,0.05446657,1.0054296,0.08398765,0.07397864,0.09699766
942,0.053749934,0.05197771,0.057545356,0.04447278,0.02921801,0.037700165
943,0.33892184,0.35757357,0.0656078,0.1754476,0.23920453,0.062177446
944,0.042423267,0.039613657,0.032815173,0.1760873,0.035382442,0.027784709
945,0.05604401,0.059247013,0.056517117,0.5419971,0.19306795,0.3284712
946,0.07324095,0.03544879,0.06428011,1.5835848,0.07853036,0.050947938
947,0.06397152,0.04723554,0.5314594,0.056155335,0.033343635,0.07592333
948,0.3020518,0.0804034,0.063009,0.37042564,0.21385385,0.07731365
949,0.050049014,0.06604828,0.280141,0.027358372,0.06697531,0.04839692
950,0.513508,2.8776584,0.114205174,0.08369677,1.1190091,0.099860825
951,1.2724333,0.6110044,0.12452193,0.08077302,0.11043662,0.07812741
952,0.13884772,0.29043582,0.34345308,1.401376,0.083031386,0.06292348
953,0.06776746,0.34229887,0.07548566,0.06853243,0.1404878,1.5348697
954,0.24674203,0.18806683,0.10225076,0.15534857,0.2716028,2.9845588
955,0.023224695,0.43466628,0.04469606,0.04622274,0.03563177,0.04179453
956,0.66079354,0.10440005,0.10506059,0.90050405,1.4469773,0.41473493
957,0.039846566,0.18874526,0.049063504,0.05353943,0.04308527,0.041473847
958,0.061567035,0.047936402,0.06520982,0.031015966,0.047212932,0.15858728
959,0.08768604,0.061806582,0.055014633,0.068256006,0.48858103,0.04735997
960,0.2618758,0.13290368,5.96982,0.14879882,1.9910033,0.60918856
961,0.2389777,0.033205535,0.0327917,0.030954663,0.0292051,0.03875268
962,0.123659015,0.40548605,0.2273287,1.5240799,0.39373446,0.07592004
963,0.048194706,0.039676595,0.30789673,0.06315432,0.15650004,0.057071555
964,0.035503652,0.28610048,0.03074864,0.03288691,0.028837847,0.032897793
965,1.0926433,0.71007645,0.3069681,18.357582,0.27786246,3.7485995
966,0.033067387,0.06363705,0.91734064,0.043420672,0.06429915,0.027791029
967,0.055166427,0.043936625,0.052459594,0.04462164,1.1906147,0.052496377
968,0.54985917,0.10788858,0.17156899,0.075128846,0.21481548,1.9783552
969,0.040768668,0.059626237,1.0784522,0.050211236,0.04638302,0.061826352
970,0.06119937,0.05803597,0.042160157,0.057697594,0.068825714,1.6289316
971,3.2462518,0.15693192,0.51982754,0.15356018,2.2616632,0.22515287
972,0.032671433,0.037763704,0.068615265,0.035495702,0.05016839,0.6469287
973,0.17828229,0.20841517,0.16824956,11.736755,0.72690946,0.14073634
974,0.15720445,0.51353043,0.12732875,5.924382,0.10413731,0.10530867
975,0.14051832,0.05641452,0.047818337,0.04818634,0.0486186,0.06947067
976,0.067035444,0.06969514,0.057472043,0.5015334,0.071503095,0.05200087
977,0.12839277,1.356058,0.13642743,1.5909581,0.28759953,0.07277905
978,0.104616,2.0043738,0.0731246,0.088940054,0.0842028,0.11515255
979,0.107864544,0.06381741,0.24118891,0.4915936,1.4956385,1.2292979
980,0.028489545,0.022856437,0.08043739,0.028754232,0.029128844,0.024066273
981,0.046839595,0.03531748,0.17273284,0.032033917,0.04760537,0.026939956
982,0.0778098,0.033176247,0.10433257,0.03659771,0.0652381,1.1640719
983,0.042149168,0.0781795,0.07334773,0.31430104,0.066652626,0.2412474
984,0.042834796,0.8464998,0.030763842,0.035361756,0.022173999,0.04505318
985,0.35816446,0.12141867,2.676914,0.12895463,0.40561143,0.3579161
986,0.15257333,0.11064444,0.15503097,5.9096427,0.14096545,0.7957488
987,0.06870124,0.39069933,0.06424125,0.4521283,0.07677986,0.05590325
988,0.029866863,0.26724622,0.051325694,0.032754473,0.04427915,0.03543803
989,0.28667173,0.05500438,0.17084461,0.051161647,0.07040807,0.8167817
990,0.058217224,0.062020607,0.24648553,0.43117908,0.047866717,0.05416095
991,0.061660737,0.50634545,0.05899201,0.089296766,0.04239137,0.055132568
992,0.06351603,0.10788851,2.745196,0.053743526,0.06863944,0.0780532
993,0.25763553,0.1279727,0.0786298,0.25068817,0.26345375,0.05835127
994,0.048126698,0.086488724,0.1497601,0.05004309,0.5512883,0.57776916
995,0.05417603,0.053006098,0.31997856,0.090094425,0.3123823,0.054109033
996,0.1370026,0.749926,0.05753628,0.1646333,0.36507252,0.105383955
997,0.15633093,0.1139136,1.6787028,0.13001366,7.668785,0.7606138
998,0.13336979,0.08987083,0.055997796,0.101035096,0.34850505,0.056417514
999,0.0789722,0.029708873,0.038420755,0.033803362,0.11046048,0.19275743
